"marker","fst","level"
"TP100054",0.057,"nonoutlier"
"TP100086",0.081,"nonoutlier"
"TP100091",0.038,"nonoutlier"
"TP100119",0.056,"nonoutlier"
"TP100128",0.044,"nonoutlier"
"TP100210",0.018,"nonoutlier"
"TP100310",0.029,"nonoutlier"
"TP100348",0.052,"nonoutlier"
"TP100482",0.102,"nonoutlier"
"TP101549",0.036,"nonoutlier"
"TP101550",0.069,"nonoutlier"
"TP101719",0.161,"high"
"TP1018",0.031,"nonoutlier"
"TP101820",0.057,"nonoutlier"
"TP1019",0.029,"nonoutlier"
"TP102050",0.009,"low"
"TP102051",0.105,"nonoutlier"
"TP102124",0.076,"nonoutlier"
"TP102165",0.093,"nonoutlier"
"TP102230",0.024,"nonoutlier"
"TP10231",0.083,"nonoutlier"
"TP102333",0.03,"nonoutlier"
"TP102341",0.014,"nonoutlier"
"TP102448",0.095,"nonoutlier"
"TP102519",0.101,"nonoutlier"
"TP102525",0.032,"nonoutlier"
"TP102527",0.018,"nonoutlier"
"TP10257",0.086,"nonoutlier"
"TP102588",0.12,"high"
"TP102597",0.038,"nonoutlier"
"TP102719",0.084,"nonoutlier"
"TP103226",0.031,"nonoutlier"
"TP103655",0.061,"nonoutlier"
"TP103775",0.06,"nonoutlier"
"TP103934",0.07,"nonoutlier"
"TP104020",0.112,"nonoutlier"
"TP104039",0.078,"nonoutlier"
"TP104190",0.058,"nonoutlier"
"TP104213",0.028,"nonoutlier"
"TP104224",0.034,"nonoutlier"
"TP104253",0.083,"nonoutlier"
"TP104317",0.069,"nonoutlier"
"TP104444",0.021,"nonoutlier"
"TP104628",0.055,"nonoutlier"
"TP104681",0.138,"high"
"TP104715",0.076,"nonoutlier"
"TP104768",0.049,"nonoutlier"
"TP1048",0.028,"nonoutlier"
"TP104817",0.093,"nonoutlier"
"TP104833",0.023,"nonoutlier"
"TP10486",0.08,"nonoutlier"
"TP104875",0.054,"nonoutlier"
"TP104890",0.093,"nonoutlier"
"TP104900",0.049,"nonoutlier"
"TP104952",0.018,"nonoutlier"
"TP10496",0.018,"nonoutlier"
"TP105000",0.065,"nonoutlier"
"TP105025",0.078,"nonoutlier"
"TP10507",0.018,"nonoutlier"
"TP105082",0.007,"low"
"TP105315",0.001,"low"
"TP105316",0.06,"nonoutlier"
"TP105334",0.057,"nonoutlier"
"TP105386",0.025,"nonoutlier"
"TP105408",0.036,"nonoutlier"
"TP105517",0.084,"nonoutlier"
"TP105557",0.018,"nonoutlier"
"TP105690",0.047,"nonoutlier"
"TP105805",0.05,"nonoutlier"
"TP105816",0.05,"nonoutlier"
"TP105934",0.07,"nonoutlier"
"TP105940",0.109,"nonoutlier"
"TP105943",0.073,"nonoutlier"
"TP105955",0.03,"nonoutlier"
"TP105982",0.049,"nonoutlier"
"TP106077",0.027,"nonoutlier"
"TP106093",0.048,"nonoutlier"
"TP106104",0.063,"nonoutlier"
"TP106116",0.093,"nonoutlier"
"TP106137",0.037,"nonoutlier"
"TP106157",0.105,"nonoutlier"
"TP106218",0.094,"nonoutlier"
"TP106221",0.094,"nonoutlier"
"TP106226",0.103,"nonoutlier"
"TP106246",0.001,"low"
"TP106250",0.095,"nonoutlier"
"TP106288",0.027,"nonoutlier"
"TP106295",0.017,"nonoutlier"
"TP106298",0.022,"nonoutlier"
"TP106391",0.034,"nonoutlier"
"TP1064",0.043,"nonoutlier"
"TP106416",0.089,"nonoutlier"
"TP106421",0.027,"nonoutlier"
"TP106423",0.189,"high"
"TP106432",0.146,"high"
"TP106439",0.062,"nonoutlier"
"TP106449",0.084,"nonoutlier"
"TP106455",0.03,"nonoutlier"
"TP106469",0.034,"nonoutlier"
"TP106475",0.055,"nonoutlier"
"TP106487",0.03,"nonoutlier"
"TP106598",0.143,"high"
"TP106603",0.07,"nonoutlier"
"TP106688",0.09,"nonoutlier"
"TP106698",0.025,"nonoutlier"
"TP106703",0.14,"nonoutlier"
"TP106731",0.038,"nonoutlier"
"TP106748",0.104,"high"
"TP106761",0.074,"nonoutlier"
"TP106795",0.029,"nonoutlier"
"TP106803",0.055,"nonoutlier"
"TP106808",0.049,"nonoutlier"
"TP106845",0.011,"nonoutlier"
"TP106866",0.042,"nonoutlier"
"TP106912",0.024,"nonoutlier"
"TP107093",0.021,"nonoutlier"
"TP107124",0.095,"nonoutlier"
"TP107139",0.052,"nonoutlier"
"TP107149",0.019,"nonoutlier"
"TP107175",0.066,"nonoutlier"
"TP107183",0.077,"nonoutlier"
"TP107186",0.04,"nonoutlier"
"TP107247",0.188,"high"
"TP107293",0.052,"nonoutlier"
"TP107335",0.055,"nonoutlier"
"TP107346",0.085,"nonoutlier"
"TP107352",0.021,"nonoutlier"
"TP107377",0.191,"high"
"TP107392",0.076,"nonoutlier"
"TP107396",0.059,"nonoutlier"
"TP107433",0.116,"nonoutlier"
"TP107517",0.036,"nonoutlier"
"TP107749",0.043,"nonoutlier"
"TP107757",0.013,"nonoutlier"
"TP107801",0.029,"nonoutlier"
"TP107931",0.053,"nonoutlier"
"TP107953",0.087,"nonoutlier"
"TP1081",0.031,"nonoutlier"
"TP10828",0.042,"nonoutlier"
"TP108484",0.085,"nonoutlier"
"TP108485",0.026,"nonoutlier"
"TP10851",0.062,"nonoutlier"
"TP108542",0.092,"nonoutlier"
"TP108790",0.05,"nonoutlier"
"TP108816",0.077,"nonoutlier"
"TP108844",0.026,"nonoutlier"
"TP108873",0.056,"nonoutlier"
"TP108911",0.039,"nonoutlier"
"TP108975",0.105,"nonoutlier"
"TP109112",0.049,"nonoutlier"
"TP109135",0.096,"nonoutlier"
"TP109142",0.004,"low"
"TP109153",0.036,"nonoutlier"
"TP109189",0.016,"nonoutlier"
"TP109197",0.025,"nonoutlier"
"TP109208",0.047,"nonoutlier"
"TP109213",0.112,"nonoutlier"
"TP109224",0.059,"nonoutlier"
"TP109261",0.099,"nonoutlier"
"TP109279",0.024,"nonoutlier"
"TP109293",0.019,"nonoutlier"
"TP109295",0.055,"nonoutlier"
"TP109323",0.05,"nonoutlier"
"TP109331",0.03,"nonoutlier"
"TP109335",0.032,"nonoutlier"
"TP109362",0.019,"nonoutlier"
"TP109386",0.049,"nonoutlier"
"TP109388",0.015,"nonoutlier"
"TP109450",0.063,"nonoutlier"
"TP109503",0.099,"nonoutlier"
"TP109548",0.055,"nonoutlier"
"TP109586",0.045,"nonoutlier"
"TP109668",0.004,"low"
"TP1097",0.033,"nonoutlier"
"TP109712",0.099,"nonoutlier"
"TP109765",0.027,"nonoutlier"
"TP109787",0.018,"nonoutlier"
"TP109843",0.039,"nonoutlier"
"TP109899",0.032,"nonoutlier"
"TP109912",0.195,"high"
"TP110009",0.075,"nonoutlier"
"TP110210",0.04,"nonoutlier"
"TP110229",0.017,"nonoutlier"
"TP110316",0.001,"low"
"TP110334",0.067,"nonoutlier"
"TP110395",0.017,"nonoutlier"
"TP110396",0.046,"nonoutlier"
"TP1104",0.045,"nonoutlier"
"TP110468",0.129,"high"
"TP110505",0.022,"nonoutlier"
"TP110510",0.009,"low"
"TP110519",0.093,"nonoutlier"
"TP110572",0.035,"nonoutlier"
"TP110575",0.077,"nonoutlier"
"TP110585",0.043,"nonoutlier"
"TP110604",0.063,"nonoutlier"
"TP110755",0.078,"nonoutlier"
"TP110909",0.176,"high"
"TP110917",0.025,"nonoutlier"
"TP110922",0.056,"nonoutlier"
"TP110939",0.086,"nonoutlier"
"TP110946",0.04,"nonoutlier"
"TP111004",0.194,"high"
"TP1111",0.062,"nonoutlier"
"TP111118",0.043,"nonoutlier"
"TP111123",0.036,"nonoutlier"
"TP111329",0.007,"low"
"TP111583",0.047,"nonoutlier"
"TP111647",0.053,"nonoutlier"
"TP111726",0.063,"nonoutlier"
"TP111743",0.084,"nonoutlier"
"TP111756",0.034,"nonoutlier"
"TP1119",0.032,"nonoutlier"
"TP111934",0.068,"nonoutlier"
"TP111952",0.044,"nonoutlier"
"TP111979",0.041,"nonoutlier"
"TP112160",0.049,"nonoutlier"
"TP112206",0.111,"nonoutlier"
"TP112227",0.045,"nonoutlier"
"TP112407",0.045,"nonoutlier"
"TP112408",0.159,"nonoutlier"
"TP112535",0.057,"nonoutlier"
"TP112580",0.061,"nonoutlier"
"TP112708",0.045,"nonoutlier"
"TP112736",0.064,"nonoutlier"
"TP112752",0.079,"nonoutlier"
"TP112814",0.155,"nonoutlier"
"TP112877",0.095,"nonoutlier"
"TP112928",0.104,"nonoutlier"
"TP112977",0.104,"nonoutlier"
"TP113",0.047,"nonoutlier"
"TP113088",0.012,"nonoutlier"
"TP113100",0.031,"nonoutlier"
"TP113177",0.05,"nonoutlier"
"TP113209",0.054,"nonoutlier"
"TP113219",0.006,"low"
"TP113263",0.113,"nonoutlier"
"TP113298",0.095,"nonoutlier"
"TP113314",0.179,"high"
"TP113363",0.132,"nonoutlier"
"TP113377",0.097,"nonoutlier"
"TP1134",0.028,"nonoutlier"
"TP113452",0.091,"nonoutlier"
"TP113525",0.089,"nonoutlier"
"TP113526",0.038,"nonoutlier"
"TP113691",0.063,"nonoutlier"
"TP113700",0.054,"nonoutlier"
"TP113703",0.051,"nonoutlier"
"TP113774",0.03,"nonoutlier"
"TP113801",0.134,"high"
"TP113805",0.055,"nonoutlier"
"TP113818",0.009,"low"
"TP114021",0.035,"nonoutlier"
"TP114060",0.078,"nonoutlier"
"TP114075",0.219,"high"
"TP114474",0.03,"nonoutlier"
"TP114540",0.069,"nonoutlier"
"TP114564",0.038,"nonoutlier"
"TP114613",0.071,"nonoutlier"
"TP114669",0.027,"nonoutlier"
"TP114753",0.045,"nonoutlier"
"TP114956",0.032,"nonoutlier"
"TP115089",0.023,"nonoutlier"
"TP115293",0.216,"high"
"TP115523",0.068,"nonoutlier"
"TP115943",0.052,"nonoutlier"
"TP116059",0.076,"nonoutlier"
"TP116062",0.161,"high"
"TP11619",0.088,"nonoutlier"
"TP116285",0.057,"nonoutlier"
"TP11635",0.074,"nonoutlier"
"TP116357",0.012,"nonoutlier"
"TP116359",0.016,"nonoutlier"
"TP116414",0.188,"nonoutlier"
"TP116451",0.061,"nonoutlier"
"TP116492",0.099,"nonoutlier"
"TP116556",0.009,"low"
"TP1166",0.047,"nonoutlier"
"TP116722",0.029,"nonoutlier"
"TP116767",0.3,"high"
"TP116803",0.044,"nonoutlier"
"TP116829",0.018,"nonoutlier"
"TP116837",0.032,"nonoutlier"
"TP116838",0.042,"nonoutlier"
"TP116855",0.108,"nonoutlier"
"TP116924",0.097,"nonoutlier"
"TP116940",0.039,"nonoutlier"
"TP117005",0.068,"nonoutlier"
"TP117088",0.043,"nonoutlier"
"TP117179",0.057,"nonoutlier"
"TP117236",0.092,"nonoutlier"
"TP117299",0.192,"high"
"TP117319",0.06,"nonoutlier"
"TP11735",0.031,"nonoutlier"
"TP117413",0.049,"nonoutlier"
"TP117447",0.085,"nonoutlier"
"TP117486",0.051,"nonoutlier"
"TP117534",0.056,"nonoutlier"
"TP117584",0.076,"nonoutlier"
"TP117600",0.035,"nonoutlier"
"TP117696",0.034,"nonoutlier"
"TP117705",0.035,"nonoutlier"
"TP117709",0.061,"nonoutlier"
"TP117733",0.015,"nonoutlier"
"TP117745",0.122,"nonoutlier"
"TP117790",0.074,"nonoutlier"
"TP117796",0.05,"nonoutlier"
"TP117835",0.108,"nonoutlier"
"TP117879",0.036,"nonoutlier"
"TP117936",0.074,"nonoutlier"
"TP117955",0.049,"nonoutlier"
"TP117963",0.029,"nonoutlier"
"TP117971",0.091,"nonoutlier"
"TP117991",0.105,"nonoutlier"
"TP118006",0.047,"nonoutlier"
"TP118015",0.073,"nonoutlier"
"TP118042",0.019,"nonoutlier"
"TP118051",0.065,"nonoutlier"
"TP118096",0.059,"nonoutlier"
"TP118226",0.191,"high"
"TP118250",0.104,"nonoutlier"
"TP118321",0.013,"nonoutlier"
"TP118418",0.101,"nonoutlier"
"TP118421",0.065,"nonoutlier"
"TP118423",0.034,"nonoutlier"
"TP118426",0.056,"nonoutlier"
"TP118466",0.044,"nonoutlier"
"TP118514",0.042,"nonoutlier"
"TP118517",0.036,"nonoutlier"
"TP118532",0.013,"nonoutlier"
"TP118592",0.033,"nonoutlier"
"TP118601",0.121,"high"
"TP118618",0.035,"nonoutlier"
"TP118671",0.036,"nonoutlier"
"TP118833",0.097,"nonoutlier"
"TP118834",0.081,"nonoutlier"
"TP118838",0.086,"nonoutlier"
"TP118886",0.085,"nonoutlier"
"TP119198",0.034,"nonoutlier"
"TP119238",0.085,"nonoutlier"
"TP119261",0.064,"nonoutlier"
"TP119320",0.061,"nonoutlier"
"TP119388",0.06,"nonoutlier"
"TP119400",0.07,"nonoutlier"
"TP119403",0.091,"nonoutlier"
"TP119418",0.054,"nonoutlier"
"TP119429",0.039,"nonoutlier"
"TP119450",0.055,"nonoutlier"
"TP119583",0.08,"nonoutlier"
"TP119623",0.054,"nonoutlier"
"TP119673",0.087,"nonoutlier"
"TP119729",0.13,"nonoutlier"
"TP119733",0.039,"nonoutlier"
"TP119759",0.03,"nonoutlier"
"TP119846",0.05,"nonoutlier"
"TP120016",0.126,"nonoutlier"
"TP120101",0.081,"nonoutlier"
"TP120108",0.029,"nonoutlier"
"TP120171",0.017,"nonoutlier"
"TP120208",0.055,"nonoutlier"
"TP120305",0.057,"nonoutlier"
"TP120386",0.119,"nonoutlier"
"TP120430",0.171,"nonoutlier"
"TP120456",0.129,"high"
"TP120503",0.043,"nonoutlier"
"TP120581",0.027,"nonoutlier"
"TP120588",0.022,"nonoutlier"
"TP1208",0.055,"nonoutlier"
"TP120866",0.042,"nonoutlier"
"TP120867",0.06,"nonoutlier"
"TP121069",0.058,"nonoutlier"
"TP121116",0.226,"high"
"TP121120",0.072,"nonoutlier"
"TP12114",0.154,"nonoutlier"
"TP121209",0.076,"nonoutlier"
"TP121280",0.075,"nonoutlier"
"TP121320",0.066,"nonoutlier"
"TP121380",0.009,"low"
"TP121501",0.045,"nonoutlier"
"TP121570",0.024,"nonoutlier"
"TP12163",0.067,"nonoutlier"
"TP121692",0.01,"nonoutlier"
"TP121760",0.035,"nonoutlier"
"TP121818",0.07,"nonoutlier"
"TP121858",0.083,"nonoutlier"
"TP121899",0.028,"nonoutlier"
"TP121909",0.075,"nonoutlier"
"TP121980",0.034,"nonoutlier"
"TP122029",0.017,"nonoutlier"
"TP122062",0.011,"nonoutlier"
"TP122109",0.039,"nonoutlier"
"TP122120",0.055,"nonoutlier"
"TP122187",0.011,"nonoutlier"
"TP122266",0.064,"nonoutlier"
"TP122519",0.091,"nonoutlier"
"TP12259",0.063,"nonoutlier"
"TP122629",0.031,"nonoutlier"
"TP122781",0.028,"nonoutlier"
"TP122785",0.067,"nonoutlier"
"TP122956",0.121,"nonoutlier"
"TP122968",0.038,"nonoutlier"
"TP123069",0.053,"nonoutlier"
"TP123118",0.091,"nonoutlier"
"TP123127",0.043,"nonoutlier"
"TP123151",0.099,"nonoutlier"
"TP123190",0.212,"high"
"TP123196",0.038,"nonoutlier"
"TP123468",0.022,"nonoutlier"
"TP123475",0.001,"low"
"TP123583",0.105,"nonoutlier"
"TP123597",0.101,"nonoutlier"
"TP123633",0.083,"nonoutlier"
"TP123715",0.06,"nonoutlier"
"TP12386",0.018,"nonoutlier"
"TP123887",0.102,"nonoutlier"
"TP123896",0.029,"nonoutlier"
"TP123928",0.147,"nonoutlier"
"TP123943",0.082,"nonoutlier"
"TP123986",0.07,"nonoutlier"
"TP123991",0.052,"nonoutlier"
"TP124071",0.153,"high"
"TP124094",0.043,"nonoutlier"
"TP124121",0.054,"nonoutlier"
"TP124236",0.094,"nonoutlier"
"TP124265",0.104,"nonoutlier"
"TP124275",0.067,"nonoutlier"
"TP124315",0.075,"nonoutlier"
"TP124343",0.016,"nonoutlier"
"TP1244",0.046,"nonoutlier"
"TP124419",0.052,"nonoutlier"
"TP124438",0.094,"nonoutlier"
"TP124442",0.046,"nonoutlier"
"TP124475",0.01,"low"
"TP124478",0.099,"nonoutlier"
"TP124505",0.061,"nonoutlier"
"TP124537",0.046,"nonoutlier"
"TP124605",0.029,"nonoutlier"
"TP124647",0.074,"nonoutlier"
"TP124653",0.036,"nonoutlier"
"TP124695",0.209,"high"
"TP124727",0.049,"nonoutlier"
"TP124768",0.024,"nonoutlier"
"TP124791",0.057,"nonoutlier"
"TP124848",0.172,"nonoutlier"
"TP124934",0.029,"nonoutlier"
"TP124967",0.01,"nonoutlier"
"TP124987",0.059,"nonoutlier"
"TP125025",0.032,"nonoutlier"
"TP125070",0.056,"nonoutlier"
"TP125192",0.014,"nonoutlier"
"TP125204",0.064,"nonoutlier"
"TP125246",0.041,"nonoutlier"
"TP125276",0.064,"nonoutlier"
"TP125363",0.083,"nonoutlier"
"TP125373",0.103,"nonoutlier"
"TP125390",0.028,"nonoutlier"
"TP125414",0.074,"nonoutlier"
"TP125445",0.056,"nonoutlier"
"TP125460",0.106,"nonoutlier"
"TP125503",0.062,"nonoutlier"
"TP125563",0.135,"high"
"TP125580",0.07,"nonoutlier"
"TP125588",0.049,"nonoutlier"
"TP125601",0.006,"low"
"TP125620",0.034,"nonoutlier"
"TP125628",0.048,"nonoutlier"
"TP125639",0.105,"nonoutlier"
"TP125675",0.074,"nonoutlier"
"TP125676",0.027,"nonoutlier"
"TP125769",0.177,"high"
"TP125796",0,"low"
"TP125800",0.056,"nonoutlier"
"TP125803",0.015,"nonoutlier"
"TP125822",0.085,"nonoutlier"
"TP125855",0.058,"nonoutlier"
"TP125945",0.052,"nonoutlier"
"TP125971",0.072,"nonoutlier"
"TP126008",0.073,"nonoutlier"
"TP126141",0.072,"nonoutlier"
"TP126160",0.086,"nonoutlier"
"TP126162",0.094,"nonoutlier"
"TP126293",0.084,"nonoutlier"
"TP126315",0.087,"nonoutlier"
"TP126325",0.061,"nonoutlier"
"TP126344",0.001,"low"
"TP1265",0.02,"nonoutlier"
"TP126798",0.064,"nonoutlier"
"TP126833",0.065,"nonoutlier"
"TP126841",0.149,"high"
"TP126842",0.141,"nonoutlier"
"TP126870",0.175,"high"
"TP126926",0.053,"nonoutlier"
"TP126927",0.1,"nonoutlier"
"TP127057",0.067,"nonoutlier"
"TP127077",0.091,"nonoutlier"
"TP127094",0.025,"nonoutlier"
"TP127126",0.015,"low"
"TP127169",0.036,"nonoutlier"
"TP127185",0.065,"nonoutlier"
"TP127207",0.026,"nonoutlier"
"TP127239",0.034,"nonoutlier"
"TP127250",0.175,"nonoutlier"
"TP127274",0.107,"nonoutlier"
"TP127290",0.021,"nonoutlier"
"TP127300",0.001,"low"
"TP127382",0.047,"nonoutlier"
"TP127631",0.014,"nonoutlier"
"TP127657",0.049,"nonoutlier"
"TP127696",0.05,"nonoutlier"
"TP127706",0.037,"nonoutlier"
"TP127714",0.025,"nonoutlier"
"TP127744",0.071,"nonoutlier"
"TP127746",0.049,"nonoutlier"
"TP127790",0.09,"nonoutlier"
"TP127876",0.044,"nonoutlier"
"TP127977",0.049,"nonoutlier"
"TP127985",0.076,"nonoutlier"
"TP128021",0.05,"nonoutlier"
"TP128065",0.036,"nonoutlier"
"TP128131",0.037,"nonoutlier"
"TP128149",0.019,"nonoutlier"
"TP128284",0.081,"nonoutlier"
"TP128302",0.028,"nonoutlier"
"TP128322",0.101,"nonoutlier"
"TP128389",0.067,"nonoutlier"
"TP128411",0.083,"nonoutlier"
"TP128516",0.015,"nonoutlier"
"TP128567",0.08,"nonoutlier"
"TP128578",0.052,"nonoutlier"
"TP128751",0.046,"nonoutlier"
"TP128786",0.129,"nonoutlier"
"TP128797",0.16,"nonoutlier"
"TP128806",0.044,"nonoutlier"
"TP128824",0.099,"nonoutlier"
"TP128839",0.05,"nonoutlier"
"TP128869",0.03,"nonoutlier"
"TP128887",0.094,"nonoutlier"
"TP128891",0.077,"nonoutlier"
"TP128926",0.097,"nonoutlier"
"TP129000",0.071,"nonoutlier"
"TP129011",0.076,"nonoutlier"
"TP129026",0.048,"nonoutlier"
"TP129048",0.086,"nonoutlier"
"TP129091",0.032,"nonoutlier"
"TP129095",0.074,"nonoutlier"
"TP129144",0.075,"nonoutlier"
"TP129174",0.164,"nonoutlier"
"TP129216",0.028,"nonoutlier"
"TP129244",0.03,"nonoutlier"
"TP129281",0.108,"nonoutlier"
"TP129297",0.055,"nonoutlier"
"TP129328",0.016,"nonoutlier"
"TP129343",0.117,"nonoutlier"
"TP129362",0.068,"nonoutlier"
"TP129379",0.095,"nonoutlier"
"TP129410",0.021,"nonoutlier"
"TP129449",0.068,"nonoutlier"
"TP129480",0.034,"nonoutlier"
"TP129482",0.083,"nonoutlier"
"TP129487",0.089,"nonoutlier"
"TP129550",0.061,"nonoutlier"
"TP129573",0.077,"nonoutlier"
"TP129595",0.032,"nonoutlier"
"TP129654",0.075,"nonoutlier"
"TP129694",0.085,"nonoutlier"
"TP129706",0.056,"nonoutlier"
"TP129732",0.015,"nonoutlier"
"TP129736",0.117,"nonoutlier"
"TP129782",0.112,"nonoutlier"
"TP129801",0.083,"nonoutlier"
"TP129808",0.088,"nonoutlier"
"TP12982",0.025,"nonoutlier"
"TP129824",0.118,"nonoutlier"
"TP129827",0.013,"nonoutlier"
"TP129836",0.081,"nonoutlier"
"TP129848",0.079,"nonoutlier"
"TP129849",0.084,"nonoutlier"
"TP129852",0.027,"nonoutlier"
"TP129860",0.08,"nonoutlier"
"TP129867",0.078,"nonoutlier"
"TP129922",0.075,"nonoutlier"
"TP129934",0.117,"nonoutlier"
"TP129950",0.068,"nonoutlier"
"TP130058",0.037,"nonoutlier"
"TP130168",0.074,"nonoutlier"
"TP130189",0.095,"nonoutlier"
"TP130280",0.067,"nonoutlier"
"TP130281",0.122,"nonoutlier"
"TP130291",0.059,"nonoutlier"
"TP130335",0.087,"nonoutlier"
"TP130365",0.073,"nonoutlier"
"TP130387",0.114,"nonoutlier"
"TP130391",0.071,"nonoutlier"
"TP130401",0.095,"nonoutlier"
"TP130443",0.113,"nonoutlier"
"TP130444",0.099,"nonoutlier"
"TP130466",0.167,"nonoutlier"
"TP130483",0.039,"nonoutlier"
"TP130519",0.061,"nonoutlier"
"TP130538",0.034,"nonoutlier"
"TP130546",0.069,"nonoutlier"
"TP130605",0.013,"nonoutlier"
"TP130633",0.024,"nonoutlier"
"TP130783",0.054,"nonoutlier"
"TP130802",0.076,"nonoutlier"
"TP130812",0.028,"nonoutlier"
"TP130817",0.001,"low"
"TP130824",0.029,"nonoutlier"
"TP13084",0.073,"nonoutlier"
"TP13121",0.042,"nonoutlier"
"TP13344",0.077,"nonoutlier"
"TP13397",0.067,"nonoutlier"
"TP1347",0.029,"nonoutlier"
"TP1352",0.055,"nonoutlier"
"TP1356",0.05,"nonoutlier"
"TP13583",0.152,"high"
"TP13586",0.026,"nonoutlier"
"TP13598",0.05,"nonoutlier"
"TP13602",0.062,"nonoutlier"
"TP1368",0.035,"nonoutlier"
"TP13680",0.094,"nonoutlier"
"TP13711",0.054,"nonoutlier"
"TP13737",0.038,"nonoutlier"
"TP1380",0.104,"nonoutlier"
"TP13843",0.179,"nonoutlier"
"TP13896",0.062,"nonoutlier"
"TP13918",0.013,"nonoutlier"
"TP14224",0.082,"nonoutlier"
"TP14227",0.029,"nonoutlier"
"TP14230",0.097,"nonoutlier"
"TP14233",0.064,"nonoutlier"
"TP14363",0.191,"high"
"TP14374",0.059,"nonoutlier"
"TP14463",0.034,"nonoutlier"
"TP14497",0.026,"nonoutlier"
"TP14657",0.087,"nonoutlier"
"TP14668",0.059,"nonoutlier"
"TP1467",0.103,"nonoutlier"
"TP14720",0.052,"nonoutlier"
"TP14730",0.063,"nonoutlier"
"TP14731",0.025,"nonoutlier"
"TP14771",0.026,"nonoutlier"
"TP14773",0.095,"nonoutlier"
"TP14787",0.062,"nonoutlier"
"TP14796",0.018,"nonoutlier"
"TP14798",0.084,"nonoutlier"
"TP14803",0.059,"nonoutlier"
"TP14807",0.002,"low"
"TP14822",0.068,"nonoutlier"
"TP14835",0.074,"nonoutlier"
"TP14884",0.126,"nonoutlier"
"TP14904",0.07,"nonoutlier"
"TP14911",0.011,"nonoutlier"
"TP14926",0.062,"nonoutlier"
"TP14930",0.039,"nonoutlier"
"TP14997",0.02,"nonoutlier"
"TP15013",0.065,"nonoutlier"
"TP1503",0.055,"nonoutlier"
"TP1510",0.124,"nonoutlier"
"TP15121",0.093,"nonoutlier"
"TP15138",0.062,"nonoutlier"
"TP15149",0.03,"nonoutlier"
"TP15162",0.053,"nonoutlier"
"TP15193",0.075,"nonoutlier"
"TP15245",0.028,"nonoutlier"
"TP15266",0.08,"nonoutlier"
"TP15380",0.046,"nonoutlier"
"TP154",0.045,"nonoutlier"
"TP1543",0.075,"nonoutlier"
"TP15444",0.04,"nonoutlier"
"TP1546",0.033,"nonoutlier"
"TP15516",0.034,"nonoutlier"
"TP15602",0.037,"nonoutlier"
"TP15644",0.12,"nonoutlier"
"TP15665",0.092,"nonoutlier"
"TP15767",0.064,"nonoutlier"
"TP15810",0.093,"nonoutlier"
"TP15853",0.184,"nonoutlier"
"TP15921",0.194,"nonoutlier"
"TP1595",0.074,"nonoutlier"
"TP15980",0.074,"nonoutlier"
"TP16015",0.031,"nonoutlier"
"TP16067",0.065,"nonoutlier"
"TP16078",0.116,"nonoutlier"
"TP16119",0.086,"nonoutlier"
"TP16148",0.095,"nonoutlier"
"TP16218",0.093,"nonoutlier"
"TP16233",0.018,"nonoutlier"
"TP16282",0.024,"nonoutlier"
"TP16362",0.054,"nonoutlier"
"TP16390",0.072,"nonoutlier"
"TP16421",0.015,"nonoutlier"
"TP1646",0.074,"nonoutlier"
"TP16507",0.167,"high"
"TP16538",0.042,"nonoutlier"
"TP16618",0.012,"nonoutlier"
"TP1663",0.079,"nonoutlier"
"TP1664",0.044,"nonoutlier"
"TP1665",0.109,"nonoutlier"
"TP16718",0.059,"nonoutlier"
"TP16720",0.042,"nonoutlier"
"TP16765",0.047,"nonoutlier"
"TP1689",0.067,"nonoutlier"
"TP16960",0.073,"nonoutlier"
"TP17026",0.08,"nonoutlier"
"TP17037",0.02,"nonoutlier"
"TP17041",0.127,"nonoutlier"
"TP17104",0.057,"nonoutlier"
"TP17129",0.029,"nonoutlier"
"TP17225",0.08,"nonoutlier"
"TP17255",0.042,"nonoutlier"
"TP17287",0.105,"nonoutlier"
"TP17294",0.073,"nonoutlier"
"TP17298",0.056,"nonoutlier"
"TP17392",0.051,"nonoutlier"
"TP17437",0.074,"nonoutlier"
"TP17588",0.051,"nonoutlier"
"TP17668",0.092,"nonoutlier"
"TP17681",0.061,"nonoutlier"
"TP17685",0.016,"nonoutlier"
"TP1770",0.014,"nonoutlier"
"TP17707",0.072,"nonoutlier"
"TP17735",0.069,"nonoutlier"
"TP17746",0.103,"nonoutlier"
"TP178",0.209,"high"
"TP17892",0.042,"nonoutlier"
"TP1793",0.054,"nonoutlier"
"TP1815",0.066,"nonoutlier"
"TP1820",0.038,"nonoutlier"
"TP18200",0.055,"nonoutlier"
"TP18208",0.17,"nonoutlier"
"TP18212",0.132,"high"
"TP18270",0.072,"nonoutlier"
"TP18429",0.034,"nonoutlier"
"TP1860",0.074,"nonoutlier"
"TP1870",0.073,"nonoutlier"
"TP18719",0.117,"nonoutlier"
"TP18789",0.078,"nonoutlier"
"TP188",0.129,"nonoutlier"
"TP18807",0.097,"nonoutlier"
"TP18894",0.115,"nonoutlier"
"TP18902",0.024,"nonoutlier"
"TP18913",0.119,"nonoutlier"
"TP18922",0.233,"high"
"TP1899",0.06,"nonoutlier"
"TP19069",0.157,"high"
"TP19117",0.054,"nonoutlier"
"TP19170",0.022,"nonoutlier"
"TP19171",0.071,"nonoutlier"
"TP19178",0.032,"nonoutlier"
"TP19212",0.103,"nonoutlier"
"TP19228",0.167,"nonoutlier"
"TP19246",0.127,"nonoutlier"
"TP19266",0.088,"nonoutlier"
"TP19323",0.168,"nonoutlier"
"TP19356",0.012,"nonoutlier"
"TP19471",0.025,"nonoutlier"
"TP19499",0.107,"nonoutlier"
"TP19504",0.096,"nonoutlier"
"TP19525",0.03,"nonoutlier"
"TP19574",0.056,"nonoutlier"
"TP19651",0.058,"nonoutlier"
"TP1982",0.057,"nonoutlier"
"TP19822",0.031,"nonoutlier"
"TP19842",0.034,"nonoutlier"
"TP19861",0.03,"nonoutlier"
"TP19908",0.141,"high"
"TP1991",0.093,"nonoutlier"
"TP1996",0.03,"nonoutlier"
"TP2021",0.04,"nonoutlier"
"TP20227",0.059,"nonoutlier"
"TP20248",0.072,"nonoutlier"
"TP2051",0.032,"nonoutlier"
"TP20536",0.044,"nonoutlier"
"TP20558",0.038,"nonoutlier"
"TP2057",0.035,"nonoutlier"
"TP20607",0,"low"
"TP20621",0.116,"nonoutlier"
"TP20634",0.02,"nonoutlier"
"TP20644",0.049,"nonoutlier"
"TP20724",0.037,"nonoutlier"
"TP20744",0.037,"nonoutlier"
"TP20758",0.044,"nonoutlier"
"TP20787",0.062,"nonoutlier"
"TP20804",0.11,"nonoutlier"
"TP20818",0.038,"nonoutlier"
"TP20900",0.025,"nonoutlier"
"TP20943",0.085,"nonoutlier"
"TP210",0.031,"nonoutlier"
"TP2101",0.06,"nonoutlier"
"TP21012",0.03,"nonoutlier"
"TP21020",0.097,"nonoutlier"
"TP21040",0.091,"nonoutlier"
"TP21162",0.044,"nonoutlier"
"TP21285",0.051,"nonoutlier"
"TP21293",0.046,"nonoutlier"
"TP21343",0.038,"nonoutlier"
"TP21655",0.062,"nonoutlier"
"TP21671",0.049,"nonoutlier"
"TP21686",0.101,"nonoutlier"
"TP21716",0.101,"high"
"TP21726",0.089,"nonoutlier"
"TP21776",0.027,"nonoutlier"
"TP21862",0.096,"nonoutlier"
"TP21933",0.022,"nonoutlier"
"TP22010",0.139,"high"
"TP22029",0.096,"nonoutlier"
"TP22063",0.042,"nonoutlier"
"TP22066",0.028,"nonoutlier"
"TP22087",0.051,"nonoutlier"
"TP22098",0.062,"nonoutlier"
"TP22102",0.055,"nonoutlier"
"TP22148",0.049,"nonoutlier"
"TP2215",0.074,"nonoutlier"
"TP22179",0.044,"nonoutlier"
"TP22222",0.081,"nonoutlier"
"TP22253",0.056,"nonoutlier"
"TP22276",0.069,"nonoutlier"
"TP22292",0.072,"nonoutlier"
"TP22324",0.015,"nonoutlier"
"TP22338",0.021,"nonoutlier"
"TP22349",0.172,"high"
"TP22363",0.056,"nonoutlier"
"TP22392",0.035,"nonoutlier"
"TP22394",0.017,"nonoutlier"
"TP22428",0.023,"nonoutlier"
"TP22611",0.155,"nonoutlier"
"TP22617",0.228,"high"
"TP22619",0.072,"nonoutlier"
"TP22641",0.063,"nonoutlier"
"TP22651",0.053,"nonoutlier"
"TP22664",0.114,"nonoutlier"
"TP22705",0.161,"nonoutlier"
"TP22815",0.044,"nonoutlier"
"TP22844",0.054,"nonoutlier"
"TP22955",0.039,"nonoutlier"
"TP22992",0.069,"nonoutlier"
"TP23006",0.086,"nonoutlier"
"TP23017",0.057,"nonoutlier"
"TP23074",0.134,"nonoutlier"
"TP23079",0.109,"nonoutlier"
"TP23092",0.038,"nonoutlier"
"TP231",0.083,"nonoutlier"
"TP23117",0.019,"nonoutlier"
"TP23124",0.003,"low"
"TP23133",0.029,"nonoutlier"
"TP23148",0.073,"nonoutlier"
"TP23172",0.135,"high"
"TP23196",0.091,"nonoutlier"
"TP23221",0.032,"nonoutlier"
"TP23240",0.229,"high"
"TP23253",0.051,"nonoutlier"
"TP23254",0.13,"nonoutlier"
"TP23301",0.143,"nonoutlier"
"TP23338",0.008,"low"
"TP23393",0.026,"nonoutlier"
"TP23401",0.008,"low"
"TP23428",0.062,"nonoutlier"
"TP23523",0.109,"nonoutlier"
"TP23628",0.094,"nonoutlier"
"TP2363",0.041,"nonoutlier"
"TP23733",0.069,"nonoutlier"
"TP23736",0.074,"nonoutlier"
"TP23742",0.041,"nonoutlier"
"TP23755",0.146,"nonoutlier"
"TP2376",0.055,"nonoutlier"
"TP23787",0.089,"nonoutlier"
"TP23863",0.025,"nonoutlier"
"TP2387",0.083,"nonoutlier"
"TP23872",0.023,"nonoutlier"
"TP23953",0.129,"nonoutlier"
"TP23996",0.054,"nonoutlier"
"TP2400",0.031,"nonoutlier"
"TP24025",0.063,"nonoutlier"
"TP24034",0.095,"nonoutlier"
"TP24042",0.064,"nonoutlier"
"TP24059",0.022,"nonoutlier"
"TP24161",0.048,"nonoutlier"
"TP24164",0.104,"nonoutlier"
"TP243",0.098,"nonoutlier"
"TP24368",0.039,"nonoutlier"
"TP24385",0.045,"nonoutlier"
"TP24512",0.181,"high"
"TP24560",0.082,"nonoutlier"
"TP24721",0.043,"nonoutlier"
"TP249",0.072,"nonoutlier"
"TP25174",0.059,"nonoutlier"
"TP25188",0.08,"nonoutlier"
"TP25189",0.15,"nonoutlier"
"TP25218",0.054,"nonoutlier"
"TP25228",0.037,"nonoutlier"
"TP25283",0.051,"nonoutlier"
"TP25350",0.109,"nonoutlier"
"TP25357",0.062,"nonoutlier"
"TP25375",0.046,"nonoutlier"
"TP25400",0.057,"nonoutlier"
"TP25409",0.065,"nonoutlier"
"TP25500",0.093,"nonoutlier"
"TP25568",0.054,"nonoutlier"
"TP25634",0.03,"nonoutlier"
"TP2565",0.085,"nonoutlier"
"TP25664",0.124,"nonoutlier"
"TP25665",0.022,"nonoutlier"
"TP25726",0.042,"nonoutlier"
"TP25770",0.081,"nonoutlier"
"TP25802",0.044,"nonoutlier"
"TP25826",0.031,"nonoutlier"
"TP25848",0.207,"high"
"TP25877",0.042,"nonoutlier"
"TP2592",0.002,"low"
"TP25949",0.096,"nonoutlier"
"TP260",0.051,"nonoutlier"
"TP26147",0.041,"nonoutlier"
"TP26168",0.017,"nonoutlier"
"TP26171",0.028,"nonoutlier"
"TP26219",0.087,"nonoutlier"
"TP26245",0.181,"high"
"TP26290",0.013,"nonoutlier"
"TP26302",0.024,"nonoutlier"
"TP26434",0.08,"nonoutlier"
"TP26579",0.088,"nonoutlier"
"TP26589",0.121,"nonoutlier"
"TP26625",0.113,"nonoutlier"
"TP26667",0.082,"nonoutlier"
"TP26670",0.067,"nonoutlier"
"TP2679",0.049,"nonoutlier"
"TP26864",0.062,"nonoutlier"
"TP26951",0.046,"nonoutlier"
"TP26956",0.029,"nonoutlier"
"TP27080",0.107,"nonoutlier"
"TP27102",0.032,"nonoutlier"
"TP2711",0.112,"nonoutlier"
"TP27158",0.053,"nonoutlier"
"TP27239",0.033,"nonoutlier"
"TP2727",0.063,"nonoutlier"
"TP27483",0.053,"nonoutlier"
"TP27508",0.055,"nonoutlier"
"TP27544",0.075,"nonoutlier"
"TP27550",0.064,"nonoutlier"
"TP27574",0.102,"nonoutlier"
"TP27623",0.069,"nonoutlier"
"TP27681",0.039,"nonoutlier"
"TP27686",0.147,"high"
"TP27701",0.095,"nonoutlier"
"TP27702",0.106,"nonoutlier"
"TP27728",0.096,"high"
"TP27763",0.031,"nonoutlier"
"TP27784",0.085,"nonoutlier"
"TP2781",0.047,"nonoutlier"
"TP2794",0.044,"nonoutlier"
"TP27960",0.069,"nonoutlier"
"TP27975",0.036,"nonoutlier"
"TP28002",0.074,"nonoutlier"
"TP28028",0.045,"nonoutlier"
"TP28042",0.168,"high"
"TP28174",0.036,"nonoutlier"
"TP28187",0.039,"nonoutlier"
"TP28200",0.089,"nonoutlier"
"TP28204",0.057,"nonoutlier"
"TP28247",0.056,"nonoutlier"
"TP28291",0.079,"nonoutlier"
"TP28305",0.015,"nonoutlier"
"TP28327",0.065,"nonoutlier"
"TP28346",0.097,"nonoutlier"
"TP28347",0.032,"nonoutlier"
"TP28350",0.001,"low"
"TP28352",0.137,"nonoutlier"
"TP28390",0.054,"nonoutlier"
"TP28397",0.052,"nonoutlier"
"TP28426",0.065,"nonoutlier"
"TP28433",0.067,"nonoutlier"
"TP28449",0.122,"nonoutlier"
"TP28452",0.057,"nonoutlier"
"TP28454",0.209,"high"
"TP28459",0.036,"nonoutlier"
"TP28475",0.055,"nonoutlier"
"TP28508",0.065,"nonoutlier"
"TP28513",0.043,"nonoutlier"
"TP28520",0.041,"nonoutlier"
"TP28566",0.055,"nonoutlier"
"TP28573",0.052,"nonoutlier"
"TP28655",0.047,"nonoutlier"
"TP28833",0.079,"nonoutlier"
"TP28854",0.134,"nonoutlier"
"TP28882",0.021,"nonoutlier"
"TP28894",0.064,"nonoutlier"
"TP28934",0.126,"high"
"TP28938",0.045,"nonoutlier"
"TP29030",0.087,"nonoutlier"
"TP29047",0.064,"nonoutlier"
"TP29161",0.023,"nonoutlier"
"TP29184",0.125,"nonoutlier"
"TP29259",0.06,"nonoutlier"
"TP29262",0.085,"nonoutlier"
"TP29307",0.064,"nonoutlier"
"TP29311",0.076,"nonoutlier"
"TP29345",0.046,"nonoutlier"
"TP29357",0.078,"nonoutlier"
"TP2938",0.03,"nonoutlier"
"TP29411",0.067,"nonoutlier"
"TP29413",0.053,"nonoutlier"
"TP29420",0.015,"nonoutlier"
"TP29433",0.111,"nonoutlier"
"TP29442",0.059,"nonoutlier"
"TP29466",0.042,"nonoutlier"
"TP29470",0.089,"nonoutlier"
"TP29489",0.001,"low"
"TP29499",0.107,"nonoutlier"
"TP29519",0.042,"nonoutlier"
"TP29550",0.129,"nonoutlier"
"TP29557",0.028,"nonoutlier"
"TP29672",0.07,"nonoutlier"
"TP29674",0.032,"nonoutlier"
"TP29687",0.1,"nonoutlier"
"TP29697",0.172,"high"
"TP297",0.062,"nonoutlier"
"TP29729",0.071,"nonoutlier"
"TP29744",0.04,"nonoutlier"
"TP29760",0.049,"nonoutlier"
"TP29765",0.039,"nonoutlier"
"TP29768",0.022,"nonoutlier"
"TP29778",0.067,"nonoutlier"
"TP298",0.033,"nonoutlier"
"TP29843",0.063,"nonoutlier"
"TP29856",0.069,"nonoutlier"
"TP29880",0.06,"nonoutlier"
"TP29898",0.105,"nonoutlier"
"TP29909",0.026,"nonoutlier"
"TP29933",0.032,"nonoutlier"
"TP30053",0.058,"nonoutlier"
"TP30080",0.017,"nonoutlier"
"TP30093",0.031,"nonoutlier"
"TP30136",0.055,"nonoutlier"
"TP30233",0.227,"high"
"TP30238",0.018,"nonoutlier"
"TP30250",0.105,"nonoutlier"
"TP30295",0.101,"nonoutlier"
"TP30302",0.029,"nonoutlier"
"TP30310",0.079,"nonoutlier"
"TP30315",0.059,"nonoutlier"
"TP30328",0.077,"nonoutlier"
"TP30389",0.098,"nonoutlier"
"TP30400",0.012,"low"
"TP30456",0.098,"nonoutlier"
"TP30590",0.031,"nonoutlier"
"TP30631",0.061,"nonoutlier"
"TP30645",0.043,"nonoutlier"
"TP30691",0.126,"nonoutlier"
"TP30704",0.012,"nonoutlier"
"TP30708",0.108,"nonoutlier"
"TP30712",0.034,"nonoutlier"
"TP30758",0.071,"nonoutlier"
"TP30785",0.018,"nonoutlier"
"TP30787",0.047,"nonoutlier"
"TP30825",0.029,"nonoutlier"
"TP30844",0.048,"nonoutlier"
"TP30847",0.047,"nonoutlier"
"TP30865",0.02,"nonoutlier"
"TP30899",0.006,"low"
"TP30921",0.076,"nonoutlier"
"TP30956",0.155,"high"
"TP3096",0.09,"nonoutlier"
"TP30967",0.023,"nonoutlier"
"TP30993",0.078,"nonoutlier"
"TP31048",0.048,"nonoutlier"
"TP31176",0.118,"nonoutlier"
"TP31499",0.128,"nonoutlier"
"TP31595",0.098,"nonoutlier"
"TP31611",0.048,"nonoutlier"
"TP31645",0.061,"nonoutlier"
"TP31668",0.03,"nonoutlier"
"TP31771",0.054,"nonoutlier"
"TP31776",0.071,"nonoutlier"
"TP3183",0.053,"nonoutlier"
"TP31933",0.044,"nonoutlier"
"TP32087",0.069,"nonoutlier"
"TP32098",0.032,"nonoutlier"
"TP32117",0.037,"nonoutlier"
"TP32137",0.087,"nonoutlier"
"TP32206",0.072,"nonoutlier"
"TP32238",0.047,"nonoutlier"
"TP32280",0.027,"nonoutlier"
"TP32283",0.066,"nonoutlier"
"TP32302",0.043,"nonoutlier"
"TP32346",0.091,"nonoutlier"
"TP32376",0.075,"nonoutlier"
"TP3238",0.043,"nonoutlier"
"TP32387",0.03,"nonoutlier"
"TP32431",0.081,"nonoutlier"
"TP32438",0.05,"nonoutlier"
"TP32546",0.076,"nonoutlier"
"TP32580",0.03,"nonoutlier"
"TP32597",0.129,"nonoutlier"
"TP326",0.001,"low"
"TP32668",0.034,"nonoutlier"
"TP32697",0.157,"nonoutlier"
"TP32732",0.052,"nonoutlier"
"TP32738",0.053,"nonoutlier"
"TP32742",0.067,"nonoutlier"
"TP32744",0.045,"nonoutlier"
"TP32782",0.071,"nonoutlier"
"TP32783",0.05,"nonoutlier"
"TP32802",0.04,"nonoutlier"
"TP32813",0.015,"nonoutlier"
"TP32814",0.056,"nonoutlier"
"TP32829",0.08,"nonoutlier"
"TP32850",0.001,"low"
"TP32865",0.062,"nonoutlier"
"TP32871",0.048,"nonoutlier"
"TP32922",0.028,"nonoutlier"
"TP32936",0.097,"nonoutlier"
"TP32981",0.051,"nonoutlier"
"TP32988",0.026,"nonoutlier"
"TP33023",0.06,"nonoutlier"
"TP331",0.032,"nonoutlier"
"TP33281",0.072,"nonoutlier"
"TP33467",0.054,"nonoutlier"
"TP33555",0.027,"nonoutlier"
"TP33597",0.038,"nonoutlier"
"TP33602",0.063,"nonoutlier"
"TP33631",0.025,"nonoutlier"
"TP33946",0.119,"nonoutlier"
"TP3421",0.049,"nonoutlier"
"TP34314",0.05,"nonoutlier"
"TP34336",0.054,"nonoutlier"
"TP34584",0.056,"nonoutlier"
"TP34609",0.058,"nonoutlier"
"TP34611",0.196,"high"
"TP34617",0.051,"nonoutlier"
"TP34627",0.081,"nonoutlier"
"TP3466",0.042,"nonoutlier"
"TP34964",0.06,"nonoutlier"
"TP3499",0.085,"nonoutlier"
"TP3502",0.05,"nonoutlier"
"TP3520",0.034,"nonoutlier"
"TP3524",0.035,"nonoutlier"
"TP3530",0.126,"nonoutlier"
"TP35399",0.05,"nonoutlier"
"TP35474",0.028,"nonoutlier"
"TP35592",0.145,"high"
"TP35618",0.032,"nonoutlier"
"TP35897",0.065,"nonoutlier"
"TP35914",0.013,"nonoutlier"
"TP35988",0.045,"nonoutlier"
"TP35994",0.062,"nonoutlier"
"TP36173",0.034,"nonoutlier"
"TP36199",0.077,"nonoutlier"
"TP36283",0.054,"nonoutlier"
"TP36340",0.074,"nonoutlier"
"TP36341",0.084,"nonoutlier"
"TP3642",0.03,"nonoutlier"
"TP36483",0.043,"nonoutlier"
"TP36549",0.035,"nonoutlier"
"TP36564",0.042,"nonoutlier"
"TP36569",0.096,"nonoutlier"
"TP3659",0.052,"nonoutlier"
"TP36646",0.092,"nonoutlier"
"TP36657",0.017,"nonoutlier"
"TP36660",0.051,"nonoutlier"
"TP36661",0.154,"nonoutlier"
"TP36694",0.084,"nonoutlier"
"TP37053",0.018,"nonoutlier"
"TP37077",0.066,"nonoutlier"
"TP37224",0.235,"high"
"TP37318",0.033,"nonoutlier"
"TP3741",0.078,"nonoutlier"
"TP37490",0.103,"nonoutlier"
"TP37568",0.036,"nonoutlier"
"TP37572",0.063,"nonoutlier"
"TP3772",0.042,"nonoutlier"
"TP3781",0.145,"nonoutlier"
"TP37891",0.064,"nonoutlier"
"TP37899",0.026,"nonoutlier"
"TP3792",0.056,"nonoutlier"
"TP37943",0.008,"low"
"TP38119",0.047,"nonoutlier"
"TP38296",0.018,"nonoutlier"
"TP38360",0.135,"nonoutlier"
"TP3848",0.018,"nonoutlier"
"TP38618",0.078,"nonoutlier"
"TP38777",0.016,"nonoutlier"
"TP3905",0.038,"nonoutlier"
"TP39103",0.037,"nonoutlier"
"TP3912",0.05,"nonoutlier"
"TP39178",0.088,"nonoutlier"
"TP39236",0.103,"nonoutlier"
"TP39291",0.036,"nonoutlier"
"TP39433",0.057,"nonoutlier"
"TP39467",0.024,"nonoutlier"
"TP39750",0.008,"low"
"TP39929",0.037,"nonoutlier"
"TP39943",0.011,"low"
"TP40556",0.021,"nonoutlier"
"TP40689",0.038,"nonoutlier"
"TP40700",0.002,"low"
"TP40874",0.052,"nonoutlier"
"TP41069",0.061,"nonoutlier"
"TP41084",0.037,"nonoutlier"
"TP41101",0.072,"nonoutlier"
"TP41108",0.061,"nonoutlier"
"TP41341",0.062,"nonoutlier"
"TP41344",0.053,"nonoutlier"
"TP41385",0.092,"nonoutlier"
"TP41387",0.036,"nonoutlier"
"TP41397",0.073,"nonoutlier"
"TP41407",0.023,"nonoutlier"
"TP41430",0.113,"nonoutlier"
"TP41491",0.023,"nonoutlier"
"TP41524",0.035,"nonoutlier"
"TP4153",0.062,"nonoutlier"
"TP41688",0.042,"nonoutlier"
"TP41757",0.076,"nonoutlier"
"TP41828",0.099,"nonoutlier"
"TP41851",0.062,"nonoutlier"
"TP41923",0.217,"high"
"TP41935",0.071,"nonoutlier"
"TP41983",0.036,"nonoutlier"
"TP41985",0.141,"high"
"TP42220",0.033,"nonoutlier"
"TP42264",0.207,"high"
"TP42304",0.067,"nonoutlier"
"TP42328",0.035,"nonoutlier"
"TP42450",0.017,"nonoutlier"
"TP42461",0.04,"nonoutlier"
"TP42635",0.055,"nonoutlier"
"TP42729",0.083,"nonoutlier"
"TP42762",0.009,"low"
"TP42768",0.086,"nonoutlier"
"TP4292",0.178,"nonoutlier"
"TP42951",0.086,"nonoutlier"
"TP42959",0.047,"nonoutlier"
"TP43006",0.071,"nonoutlier"
"TP43013",0.034,"nonoutlier"
"TP43029",0.048,"nonoutlier"
"TP43031",0.12,"nonoutlier"
"TP43127",0.14,"nonoutlier"
"TP4319",0.08,"nonoutlier"
"TP43227",0.036,"nonoutlier"
"TP43240",0.098,"nonoutlier"
"TP43415",0.018,"nonoutlier"
"TP43431",0.056,"nonoutlier"
"TP43455",0.03,"nonoutlier"
"TP43477",0.073,"nonoutlier"
"TP43482",0.046,"nonoutlier"
"TP43512",0.04,"nonoutlier"
"TP43587",0.074,"nonoutlier"
"TP4360",0.017,"nonoutlier"
"TP4363",0.011,"nonoutlier"
"TP43635",0.026,"nonoutlier"
"TP43736",0.078,"nonoutlier"
"TP43745",0.036,"nonoutlier"
"TP43852",0.059,"nonoutlier"
"TP44050",0.051,"nonoutlier"
"TP44053",0.185,"high"
"TP4406",0.02,"nonoutlier"
"TP44068",0.014,"nonoutlier"
"TP44126",0.05,"nonoutlier"
"TP44336",0.03,"nonoutlier"
"TP44361",0.056,"nonoutlier"
"TP44366",0.024,"nonoutlier"
"TP4437",0.033,"nonoutlier"
"TP44381",0.029,"nonoutlier"
"TP44388",0.057,"nonoutlier"
"TP44461",0.058,"nonoutlier"
"TP44476",0,"low"
"TP44533",0.065,"nonoutlier"
"TP4454",0.035,"nonoutlier"
"TP44555",0.021,"nonoutlier"
"TP4458",0.088,"nonoutlier"
"TP44600",0.073,"nonoutlier"
"TP44601",0.064,"nonoutlier"
"TP44613",0.068,"nonoutlier"
"TP44627",0.113,"nonoutlier"
"TP44811",0.048,"nonoutlier"
"TP44880",0.072,"nonoutlier"
"TP44901",0.052,"nonoutlier"
"TP4491",0.039,"nonoutlier"
"TP45000",0.101,"nonoutlier"
"TP45029",0.015,"nonoutlier"
"TP45036",0.054,"nonoutlier"
"TP45039",0.031,"nonoutlier"
"TP45140",0.122,"nonoutlier"
"TP45262",0.025,"nonoutlier"
"TP45263",0.096,"nonoutlier"
"TP45274",0.043,"nonoutlier"
"TP45282",0.204,"high"
"TP45308",0.065,"nonoutlier"
"TP45322",0.227,"high"
"TP45330",0.136,"nonoutlier"
"TP45351",0.011,"nonoutlier"
"TP45378",0.022,"nonoutlier"
"TP45380",0.084,"nonoutlier"
"TP45424",0.118,"nonoutlier"
"TP45466",0.076,"nonoutlier"
"TP45483",0.069,"nonoutlier"
"TP45488",0.088,"nonoutlier"
"TP45531",0.1,"nonoutlier"
"TP45567",0.029,"nonoutlier"
"TP45577",0.012,"nonoutlier"
"TP45640",0.073,"nonoutlier"
"TP45656",0.053,"nonoutlier"
"TP45722",0.066,"nonoutlier"
"TP45768",0.207,"high"
"TP46033",0.086,"nonoutlier"
"TP4610",0.105,"nonoutlier"
"TP4614",0.026,"nonoutlier"
"TP46194",0.089,"nonoutlier"
"TP46469",0.036,"nonoutlier"
"TP46480",0.085,"nonoutlier"
"TP46600",0.028,"nonoutlier"
"TP46649",0.046,"nonoutlier"
"TP46669",0.121,"nonoutlier"
"TP46680",0.046,"nonoutlier"
"TP467",0.063,"nonoutlier"
"TP4681",0.069,"nonoutlier"
"TP46877",0.036,"nonoutlier"
"TP46971",0.107,"nonoutlier"
"TP47065",0.069,"nonoutlier"
"TP47102",0.133,"nonoutlier"
"TP47135",0.122,"nonoutlier"
"TP47169",0.047,"nonoutlier"
"TP47176",0.047,"nonoutlier"
"TP47188",0.01,"nonoutlier"
"TP47223",0.05,"nonoutlier"
"TP47262",0.037,"nonoutlier"
"TP4727",0.058,"nonoutlier"
"TP47290",0.084,"nonoutlier"
"TP47342",0.187,"nonoutlier"
"TP47345",0.075,"nonoutlier"
"TP4735",0.017,"nonoutlier"
"TP47377",0.023,"nonoutlier"
"TP47413",0.102,"nonoutlier"
"TP47427",0.056,"nonoutlier"
"TP47440",0.187,"high"
"TP47445",0.094,"nonoutlier"
"TP47457",0.084,"nonoutlier"
"TP47465",0.11,"nonoutlier"
"TP47528",0.049,"nonoutlier"
"TP47546",0.063,"nonoutlier"
"TP47589",0.058,"nonoutlier"
"TP47609",0.113,"nonoutlier"
"TP47613",0.044,"nonoutlier"
"TP4763",0.067,"nonoutlier"
"TP47650",0.215,"high"
"TP47672",0.047,"nonoutlier"
"TP47688",0.03,"nonoutlier"
"TP4771",0.05,"nonoutlier"
"TP4780",0.062,"nonoutlier"
"TP47808",0.078,"nonoutlier"
"TP47819",0.016,"nonoutlier"
"TP47840",0.039,"nonoutlier"
"TP47841",0.048,"nonoutlier"
"TP48049",0.018,"nonoutlier"
"TP48137",0.051,"nonoutlier"
"TP48146",0.063,"nonoutlier"
"TP4819",0.028,"nonoutlier"
"TP48203",0.054,"nonoutlier"
"TP48287",0.001,"low"
"TP48293",0.093,"nonoutlier"
"TP48311",0.086,"nonoutlier"
"TP48384",0.049,"nonoutlier"
"TP48428",0.135,"nonoutlier"
"TP48536",0.017,"nonoutlier"
"TP4902",0.033,"nonoutlier"
"TP491",0.056,"nonoutlier"
"TP49103",0.104,"nonoutlier"
"TP49106",0.035,"nonoutlier"
"TP49154",0.105,"nonoutlier"
"TP49219",0.045,"nonoutlier"
"TP49248",0.097,"nonoutlier"
"TP493",0.02,"nonoutlier"
"TP49406",0.006,"low"
"TP4947",0.168,"high"
"TP49470",0.092,"nonoutlier"
"TP49525",0.02,"nonoutlier"
"TP49533",0.033,"nonoutlier"
"TP49551",0.201,"high"
"TP4963",0.042,"nonoutlier"
"TP49646",0.086,"nonoutlier"
"TP49905",0.082,"nonoutlier"
"TP4997",0.033,"nonoutlier"
"TP50046",0.084,"nonoutlier"
"TP50122",0.138,"nonoutlier"
"TP50177",0.088,"nonoutlier"
"TP50256",0.02,"nonoutlier"
"TP50290",0.045,"nonoutlier"
"TP50359",0.057,"nonoutlier"
"TP50509",0.067,"nonoutlier"
"TP50551",0.07,"nonoutlier"
"TP50743",0.024,"nonoutlier"
"TP51202",0.028,"nonoutlier"
"TP51256",0.046,"nonoutlier"
"TP51263",0.051,"nonoutlier"
"TP51336",0.126,"nonoutlier"
"TP51338",0.04,"nonoutlier"
"TP5138",0.039,"nonoutlier"
"TP51408",0.033,"nonoutlier"
"TP51458",0.033,"nonoutlier"
"TP51473",0.048,"nonoutlier"
"TP5162",0.042,"nonoutlier"
"TP51622",0.074,"nonoutlier"
"TP51794",0.053,"nonoutlier"
"TP52159",0.145,"nonoutlier"
"TP52268",0.088,"nonoutlier"
"TP52406",0.027,"nonoutlier"
"TP52421",0.054,"nonoutlier"
"TP52471",0.043,"nonoutlier"
"TP525",0.046,"nonoutlier"
"TP52507",0.042,"nonoutlier"
"TP52524",0.076,"nonoutlier"
"TP52644",0.05,"nonoutlier"
"TP5269",0.102,"nonoutlier"
"TP52708",0.058,"nonoutlier"
"TP52754",0.067,"nonoutlier"
"TP52930",0.027,"nonoutlier"
"TP53109",0.058,"nonoutlier"
"TP53116",0.174,"high"
"TP5323",0.078,"nonoutlier"
"TP53293",0.08,"nonoutlier"
"TP53294",0.07,"nonoutlier"
"TP53315",0.228,"high"
"TP53427",0.05,"nonoutlier"
"TP53432",0.018,"nonoutlier"
"TP53460",0.014,"nonoutlier"
"TP53476",0.045,"nonoutlier"
"TP5360",0.053,"nonoutlier"
"TP53622",0.038,"nonoutlier"
"TP53668",0.024,"nonoutlier"
"TP5368",0.125,"high"
"TP53688",0.127,"nonoutlier"
"TP53834",0.049,"nonoutlier"
"TP53946",0.034,"nonoutlier"
"TP53975",0.043,"nonoutlier"
"TP54006",0.067,"nonoutlier"
"TP54064",0.087,"nonoutlier"
"TP54762",0.037,"nonoutlier"
"TP54927",0.042,"nonoutlier"
"TP55002",0.021,"nonoutlier"
"TP5509",0.052,"nonoutlier"
"TP5518",0.149,"high"
"TP55369",0.032,"nonoutlier"
"TP5563",0.128,"nonoutlier"
"TP55644",0.033,"nonoutlier"
"TP55895",0.057,"nonoutlier"
"TP5592",0.036,"nonoutlier"
"TP5632",0.159,"nonoutlier"
"TP56390",0.073,"nonoutlier"
"TP56419",0.048,"nonoutlier"
"TP5666",0.07,"nonoutlier"
"TP56802",0.037,"nonoutlier"
"TP57145",0.047,"nonoutlier"
"TP5738",0.073,"nonoutlier"
"TP57466",0.047,"nonoutlier"
"TP57562",0.065,"nonoutlier"
"TP57672",0.02,"nonoutlier"
"TP5769",0.123,"nonoutlier"
"TP57771",0.028,"nonoutlier"
"TP58098",0.05,"nonoutlier"
"TP58225",0.023,"nonoutlier"
"TP58298",0.145,"nonoutlier"
"TP585",0.057,"nonoutlier"
"TP58501",0.097,"nonoutlier"
"TP58881",0.141,"high"
"TP5893",0.172,"high"
"TP59018",0.03,"nonoutlier"
"TP59183",0.041,"nonoutlier"
"TP5919",0.031,"nonoutlier"
"TP59373",0.079,"nonoutlier"
"TP59385",0.045,"nonoutlier"
"TP59398",0.039,"nonoutlier"
"TP5949",0.033,"nonoutlier"
"TP60143",0.055,"nonoutlier"
"TP6022",0.041,"nonoutlier"
"TP60347",0.056,"nonoutlier"
"TP60370",0.037,"nonoutlier"
"TP60551",0.112,"nonoutlier"
"TP60863",0.054,"nonoutlier"
"TP60865",0.033,"nonoutlier"
"TP60872",0.059,"nonoutlier"
"TP60877",0.03,"nonoutlier"
"TP6092",0.034,"nonoutlier"
"TP6094",0.091,"nonoutlier"
"TP6097",0.075,"nonoutlier"
"TP61016",0.085,"nonoutlier"
"TP61066",0.226,"high"
"TP61285",0.021,"nonoutlier"
"TP61302",0.048,"nonoutlier"
"TP61348",0.057,"nonoutlier"
"TP61422",0.016,"nonoutlier"
"TP61458",0.109,"nonoutlier"
"TP61469",0.049,"nonoutlier"
"TP61502",0.065,"nonoutlier"
"TP61552",0.023,"nonoutlier"
"TP6169",0.072,"nonoutlier"
"TP61705",0.089,"nonoutlier"
"TP61757",0.038,"nonoutlier"
"TP61797",0.084,"nonoutlier"
"TP61848",0.04,"nonoutlier"
"TP61910",0.029,"nonoutlier"
"TP6193",0.074,"nonoutlier"
"TP61984",0.027,"nonoutlier"
"TP61993",0.052,"nonoutlier"
"TP61998",0.049,"nonoutlier"
"TP62027",0.213,"high"
"TP62056",0.05,"nonoutlier"
"TP62086",0.018,"nonoutlier"
"TP62122",0.137,"nonoutlier"
"TP62133",0.068,"nonoutlier"
"TP62149",0.005,"low"
"TP62172",0.032,"nonoutlier"
"TP62183",0.001,"low"
"TP62190",0.069,"nonoutlier"
"TP6223",0.036,"nonoutlier"
"TP6226",0.075,"nonoutlier"
"TP62331",0.081,"nonoutlier"
"TP62532",0.118,"nonoutlier"
"TP6254",0.024,"nonoutlier"
"TP62745",0.194,"high"
"TP62825",0.042,"nonoutlier"
"TP62868",0.041,"nonoutlier"
"TP62888",0.001,"low"
"TP62904",0.192,"high"
"TP62963",0.041,"nonoutlier"
"TP62969",0.053,"nonoutlier"
"TP63022",0.027,"nonoutlier"
"TP63050",0.049,"nonoutlier"
"TP63099",0.206,"high"
"TP63264",0.033,"nonoutlier"
"TP63455",0.042,"nonoutlier"
"TP63464",0.061,"nonoutlier"
"TP635",0.036,"nonoutlier"
"TP63726",0.139,"nonoutlier"
"TP6377",0.044,"nonoutlier"
"TP63844",0.092,"nonoutlier"
"TP6415",0.044,"nonoutlier"
"TP6426",0.027,"nonoutlier"
"TP6429",0.159,"high"
"TP64301",0.043,"nonoutlier"
"TP6454",0.057,"nonoutlier"
"TP64556",0.06,"nonoutlier"
"TP64560",0.063,"nonoutlier"
"TP64571",0.217,"high"
"TP64644",0.031,"nonoutlier"
"TP64839",0.019,"nonoutlier"
"TP64844",0.015,"nonoutlier"
"TP64873",0.046,"nonoutlier"
"TP64895",0.134,"nonoutlier"
"TP64945",0.05,"nonoutlier"
"TP64984",0.072,"nonoutlier"
"TP65051",0.07,"nonoutlier"
"TP65162",0.068,"nonoutlier"
"TP65256",0.129,"nonoutlier"
"TP65331",0.09,"nonoutlier"
"TP6538",0.051,"nonoutlier"
"TP65409",0.079,"nonoutlier"
"TP65437",0.126,"nonoutlier"
"TP6544",0.044,"nonoutlier"
"TP65775",0.012,"low"
"TP65782",0.153,"nonoutlier"
"TP6581",0.092,"nonoutlier"
"TP65811",0.054,"nonoutlier"
"TP6585",0.128,"nonoutlier"
"TP65862",0.092,"nonoutlier"
"TP65866",0.023,"nonoutlier"
"TP6597",0.031,"nonoutlier"
"TP66015",0.031,"nonoutlier"
"TP66072",0.129,"nonoutlier"
"TP66086",0.196,"high"
"TP6620",0.054,"nonoutlier"
"TP66281",0.062,"nonoutlier"
"TP66296",0.239,"high"
"TP66301",0.052,"nonoutlier"
"TP66307",0.104,"nonoutlier"
"TP6631",0.047,"nonoutlier"
"TP66318",0.067,"nonoutlier"
"TP66321",0.024,"nonoutlier"
"TP66344",0.104,"nonoutlier"
"TP66375",0.043,"nonoutlier"
"TP66411",0.068,"nonoutlier"
"TP66559",0.094,"nonoutlier"
"TP6658",0.054,"nonoutlier"
"TP6661",0.04,"nonoutlier"
"TP66681",0.027,"nonoutlier"
"TP66739",0.161,"high"
"TP671",0.054,"nonoutlier"
"TP67152",0.099,"nonoutlier"
"TP67254",0.038,"nonoutlier"
"TP6730",0.093,"nonoutlier"
"TP67358",0.072,"nonoutlier"
"TP67374",0.034,"nonoutlier"
"TP67547",0.085,"nonoutlier"
"TP67662",0.114,"nonoutlier"
"TP67698",0.021,"nonoutlier"
"TP67820",0.019,"nonoutlier"
"TP67851",0.025,"nonoutlier"
"TP6793",0.009,"low"
"TP68029",0.072,"nonoutlier"
"TP6812",0.084,"nonoutlier"
"TP6813",0.04,"nonoutlier"
"TP6822",0.044,"nonoutlier"
"TP6823",0.078,"nonoutlier"
"TP68255",0.007,"low"
"TP68260",0.038,"nonoutlier"
"TP6828",0.117,"high"
"TP68336",0.036,"nonoutlier"
"TP6843",0.02,"nonoutlier"
"TP68494",0.148,"high"
"TP685",0.035,"nonoutlier"
"TP68535",0.034,"nonoutlier"
"TP6867",0.122,"high"
"TP68736",0.024,"nonoutlier"
"TP68791",0.112,"nonoutlier"
"TP68853",0.042,"nonoutlier"
"TP6889",0.069,"nonoutlier"
"TP68901",0.056,"nonoutlier"
"TP6894",0.03,"nonoutlier"
"TP68996",0.027,"nonoutlier"
"TP69",0.04,"nonoutlier"
"TP6908",0.066,"nonoutlier"
"TP69134",0.021,"nonoutlier"
"TP69147",0.031,"nonoutlier"
"TP6916",0.048,"nonoutlier"
"TP69215",0.127,"high"
"TP69218",0.086,"nonoutlier"
"TP693",0.044,"nonoutlier"
"TP69379",0.012,"nonoutlier"
"TP69409",0.056,"nonoutlier"
"TP6945",0.044,"nonoutlier"
"TP69469",0.138,"nonoutlier"
"TP69499",0.021,"nonoutlier"
"TP69514",0.074,"nonoutlier"
"TP69519",0.074,"nonoutlier"
"TP6958",0.111,"nonoutlier"
"TP69589",0.053,"nonoutlier"
"TP69594",0.022,"nonoutlier"
"TP6960",0.026,"nonoutlier"
"TP69647",0.079,"nonoutlier"
"TP69653",0.102,"nonoutlier"
"TP69654",0.048,"nonoutlier"
"TP6966",0.109,"nonoutlier"
"TP69660",0.054,"nonoutlier"
"TP69675",0.071,"nonoutlier"
"TP6985",0.051,"nonoutlier"
"TP69911",0.101,"nonoutlier"
"TP69920",0.103,"nonoutlier"
"TP700",0.154,"high"
"TP7001",0.034,"nonoutlier"
"TP70025",0.059,"nonoutlier"
"TP70139",0.055,"nonoutlier"
"TP70187",0.037,"nonoutlier"
"TP70211",0.113,"nonoutlier"
"TP70296",0.109,"nonoutlier"
"TP70342",0.103,"nonoutlier"
"TP70404",0.116,"nonoutlier"
"TP70414",0.06,"nonoutlier"
"TP70430",0.024,"nonoutlier"
"TP70547",0.053,"nonoutlier"
"TP70581",0.043,"nonoutlier"
"TP70724",0.143,"nonoutlier"
"TP70830",0.033,"nonoutlier"
"TP70869",0.054,"nonoutlier"
"TP709",0.047,"nonoutlier"
"TP70906",0.047,"nonoutlier"
"TP70951",0.07,"nonoutlier"
"TP7099",0.056,"nonoutlier"
"TP71003",0.084,"nonoutlier"
"TP71362",0.053,"nonoutlier"
"TP71372",0.087,"nonoutlier"
"TP71396",0.029,"nonoutlier"
"TP7142",0.036,"nonoutlier"
"TP71578",0.016,"nonoutlier"
"TP71617",0.029,"nonoutlier"
"TP71631",0.047,"nonoutlier"
"TP71643",0.03,"nonoutlier"
"TP71686",0.076,"nonoutlier"
"TP71702",0.045,"nonoutlier"
"TP71719",0.039,"nonoutlier"
"TP71720",0.036,"nonoutlier"
"TP71731",0.008,"low"
"TP7175",0.064,"nonoutlier"
"TP71764",0.133,"high"
"TP71849",0.084,"nonoutlier"
"TP71855",0.104,"nonoutlier"
"TP71911",0.035,"nonoutlier"
"TP71941",0.138,"nonoutlier"
"TP71966",0.037,"nonoutlier"
"TP71984",0.068,"nonoutlier"
"TP71990",0.025,"nonoutlier"
"TP72018",0.066,"nonoutlier"
"TP72084",0.165,"nonoutlier"
"TP72119",0.113,"high"
"TP72218",0.023,"nonoutlier"
"TP72227",0.04,"nonoutlier"
"TP72236",0.095,"nonoutlier"
"TP72242",0.042,"nonoutlier"
"TP72300",0.025,"nonoutlier"
"TP72318",0.044,"nonoutlier"
"TP72332",0.059,"nonoutlier"
"TP72336",0.031,"nonoutlier"
"TP7240",0.083,"nonoutlier"
"TP72402",0.075,"nonoutlier"
"TP72404",0.027,"nonoutlier"
"TP72422",0.044,"nonoutlier"
"TP72440",0.039,"nonoutlier"
"TP72455",0.141,"nonoutlier"
"TP72482",0.016,"nonoutlier"
"TP72485",0.02,"nonoutlier"
"TP72560",0.021,"nonoutlier"
"TP7268",0.04,"nonoutlier"
"TP72716",0.054,"nonoutlier"
"TP72734",0.05,"nonoutlier"
"TP72785",0.058,"nonoutlier"
"TP72790",0.083,"nonoutlier"
"TP72821",0.097,"high"
"TP7297",0.067,"nonoutlier"
"TP73002",0.102,"nonoutlier"
"TP7304",0.039,"nonoutlier"
"TP7312",0.079,"nonoutlier"
"TP73158",0.048,"nonoutlier"
"TP73371",0.077,"nonoutlier"
"TP73406",0.054,"nonoutlier"
"TP7341",0.044,"nonoutlier"
"TP73504",0.045,"nonoutlier"
"TP73534",0.112,"nonoutlier"
"TP7356",0.052,"nonoutlier"
"TP73720",0.049,"nonoutlier"
"TP73795",0.048,"nonoutlier"
"TP7382",0.028,"nonoutlier"
"TP73820",0.2,"high"
"TP74009",0.113,"nonoutlier"
"TP74105",0.014,"nonoutlier"
"TP74108",0.147,"high"
"TP74133",0.087,"nonoutlier"
"TP74159",0.08,"nonoutlier"
"TP74203",0.045,"nonoutlier"
"TP74204",0.048,"nonoutlier"
"TP74225",0.053,"nonoutlier"
"TP74255",0.05,"nonoutlier"
"TP74262",0.028,"nonoutlier"
"TP74285",0.001,"low"
"TP7436",0.046,"nonoutlier"
"TP7441",0.027,"nonoutlier"
"TP74414",0.048,"nonoutlier"
"TP74432",0.081,"nonoutlier"
"TP74444",0.03,"nonoutlier"
"TP74447",0.039,"nonoutlier"
"TP74488",0.1,"nonoutlier"
"TP74489",0.092,"nonoutlier"
"TP74674",0.03,"nonoutlier"
"TP7470",0.021,"nonoutlier"
"TP74769",0.056,"nonoutlier"
"TP74923",0.082,"nonoutlier"
"TP74944",0.063,"nonoutlier"
"TP7495",0.025,"nonoutlier"
"TP74976",0.091,"nonoutlier"
"TP7530",0.128,"nonoutlier"
"TP75425",0.037,"nonoutlier"
"TP7545",0.053,"nonoutlier"
"TP7547",0.031,"nonoutlier"
"TP75884",0.062,"nonoutlier"
"TP7591",0.058,"nonoutlier"
"TP76049",0.029,"nonoutlier"
"TP76133",0.023,"nonoutlier"
"TP76152",0.072,"nonoutlier"
"TP76191",0.074,"nonoutlier"
"TP76208",0.066,"nonoutlier"
"TP76212",0.097,"nonoutlier"
"TP76353",0.086,"nonoutlier"
"TP76391",0.116,"nonoutlier"
"TP76403",0.042,"nonoutlier"
"TP76405",0.048,"nonoutlier"
"TP76679",0.107,"nonoutlier"
"TP76683",0.176,"high"
"TP76767",0.193,"high"
"TP76786",0.035,"nonoutlier"
"TP76938",0.025,"nonoutlier"
"TP76962",0.132,"nonoutlier"
"TP7698",0.243,"high"
"TP77182",0.049,"nonoutlier"
"TP77188",0.052,"nonoutlier"
"TP77213",0.023,"nonoutlier"
"TP77315",0.009,"nonoutlier"
"TP7741",0.102,"nonoutlier"
"TP7746",0.042,"nonoutlier"
"TP77537",0.052,"nonoutlier"
"TP7764",0.037,"nonoutlier"
"TP77696",0.079,"nonoutlier"
"TP7773",0.032,"nonoutlier"
"TP77813",0.071,"nonoutlier"
"TP7782",0.043,"nonoutlier"
"TP77824",0.077,"nonoutlier"
"TP7797",0.071,"nonoutlier"
"TP78029",0.081,"nonoutlier"
"TP78071",0.044,"nonoutlier"
"TP78175",0.048,"nonoutlier"
"TP78188",0.1,"nonoutlier"
"TP78227",0,"low"
"TP78328",0.026,"nonoutlier"
"TP78365",0.048,"nonoutlier"
"TP78403",0.06,"nonoutlier"
"TP78438",0.009,"low"
"TP78483",0.116,"nonoutlier"
"TP78553",0.053,"nonoutlier"
"TP78557",0.029,"nonoutlier"
"TP78619",0.098,"nonoutlier"
"TP78700",0.037,"nonoutlier"
"TP78716",0.021,"nonoutlier"
"TP78724",0.066,"nonoutlier"
"TP78789",0.113,"nonoutlier"
"TP79014",0.044,"nonoutlier"
"TP7905",0.035,"nonoutlier"
"TP79076",0.068,"nonoutlier"
"TP79105",0.159,"nonoutlier"
"TP79113",0.053,"nonoutlier"
"TP79172",0.11,"nonoutlier"
"TP7918",0.043,"nonoutlier"
"TP79352",0.054,"nonoutlier"
"TP7948",0.019,"nonoutlier"
"TP79495",0.001,"low"
"TP79501",0.136,"nonoutlier"
"TP79508",0.06,"nonoutlier"
"TP79546",0.064,"nonoutlier"
"TP79553",0.137,"nonoutlier"
"TP79558",0.105,"nonoutlier"
"TP79584",0.049,"nonoutlier"
"TP79684",0.08,"nonoutlier"
"TP7985",0.031,"nonoutlier"
"TP80041",0.029,"nonoutlier"
"TP80052",0.061,"nonoutlier"
"TP80116",0.087,"nonoutlier"
"TP80172",0.092,"nonoutlier"
"TP80197",0.056,"nonoutlier"
"TP802",0.012,"nonoutlier"
"TP80247",0.082,"nonoutlier"
"TP80274",0.047,"nonoutlier"
"TP80297",0.053,"nonoutlier"
"TP80314",0.09,"nonoutlier"
"TP80387",0.076,"nonoutlier"
"TP80390",0.241,"high"
"TP80427",0.064,"nonoutlier"
"TP80448",0.051,"nonoutlier"
"TP80450",0.056,"nonoutlier"
"TP80495",0.017,"nonoutlier"
"TP8060",0.05,"nonoutlier"
"TP80691",0.027,"nonoutlier"
"TP80716",0.047,"nonoutlier"
"TP80892",0.041,"nonoutlier"
"TP8090",0.053,"nonoutlier"
"TP8091",0.041,"nonoutlier"
"TP81075",0.049,"nonoutlier"
"TP81135",0.048,"nonoutlier"
"TP812",0.157,"high"
"TP81258",0.026,"nonoutlier"
"TP81280",0.12,"nonoutlier"
"TP81287",0.036,"nonoutlier"
"TP81315",0.1,"nonoutlier"
"TP8138",0.1,"nonoutlier"
"TP81623",0.129,"nonoutlier"
"TP81633",0.148,"nonoutlier"
"TP8173",0.082,"nonoutlier"
"TP8184",0.101,"nonoutlier"
"TP8239",0.051,"nonoutlier"
"TP825",0.063,"nonoutlier"
"TP82703",0.061,"nonoutlier"
"TP8288",0.031,"nonoutlier"
"TP8317",0.021,"nonoutlier"
"TP8356",0.107,"nonoutlier"
"TP8362",0.056,"nonoutlier"
"TP84294",0.07,"nonoutlier"
"TP8500",0.119,"nonoutlier"
"TP85209",0.062,"nonoutlier"
"TP85282",0.02,"nonoutlier"
"TP8544",0.046,"nonoutlier"
"TP85634",0.037,"nonoutlier"
"TP85640",0.081,"nonoutlier"
"TP85749",0.027,"nonoutlier"
"TP85874",0.074,"nonoutlier"
"TP85893",0.029,"nonoutlier"
"TP85900",0.059,"nonoutlier"
"TP85963",0.111,"nonoutlier"
"TP85992",0.016,"nonoutlier"
"TP86001",0.046,"nonoutlier"
"TP86057",0.124,"high"
"TP86058",0.077,"nonoutlier"
"TP86075",0.068,"nonoutlier"
"TP86141",0.059,"nonoutlier"
"TP86161",0.243,"high"
"TP8624",0.109,"nonoutlier"
"TP86274",0.066,"nonoutlier"
"TP86333",0.002,"low"
"TP86343",0.07,"nonoutlier"
"TP86444",0.047,"nonoutlier"
"TP8667",0.055,"nonoutlier"
"TP86774",0.073,"nonoutlier"
"TP86904",0.087,"nonoutlier"
"TP87089",0.042,"nonoutlier"
"TP8759",0.076,"nonoutlier"
"TP87630",0.037,"nonoutlier"
"TP88009",0.022,"nonoutlier"
"TP88017",0.025,"nonoutlier"
"TP8804",0.032,"nonoutlier"
"TP88062",0.108,"nonoutlier"
"TP88079",0.041,"nonoutlier"
"TP88152",0.026,"nonoutlier"
"TP88208",0.024,"nonoutlier"
"TP88393",0.081,"nonoutlier"
"TP88661",0.073,"nonoutlier"
"TP8949",0.018,"nonoutlier"
"TP90434",0.039,"nonoutlier"
"TP9065",0.084,"nonoutlier"
"TP90670",0.234,"high"
"TP90799",0.051,"nonoutlier"
"TP90857",0.067,"nonoutlier"
"TP90871",0.064,"nonoutlier"
"TP90915",0.047,"nonoutlier"
"TP90918",0.061,"nonoutlier"
"TP91020",0.047,"nonoutlier"
"TP91048",0.026,"nonoutlier"
"TP91183",0.056,"nonoutlier"
"TP9131",0.034,"nonoutlier"
"TP91319",0.055,"nonoutlier"
"TP9148",0.014,"nonoutlier"
"TP91604",0.062,"nonoutlier"
"TP91605",0.12,"nonoutlier"
"TP91818",0.032,"nonoutlier"
"TP91834",0.092,"nonoutlier"
"TP91873",0.071,"nonoutlier"
"TP92067",0.035,"nonoutlier"
"TP92143",0.058,"nonoutlier"
"TP92144",0.069,"nonoutlier"
"TP92207",0.111,"nonoutlier"
"TP92257",0.002,"low"
"TP92280",0.058,"nonoutlier"
"TP92313",0.059,"nonoutlier"
"TP92474",0.027,"nonoutlier"
"TP92578",0.078,"nonoutlier"
"TP92629",0.148,"nonoutlier"
"TP92640",0.053,"nonoutlier"
"TP92724",0.023,"nonoutlier"
"TP92776",0.026,"nonoutlier"
"TP92784",0,"low"
"TP92879",0.001,"low"
"TP92890",0.024,"nonoutlier"
"TP92897",0.15,"high"
"TP92901",0.094,"nonoutlier"
"TP92931",0.018,"nonoutlier"
"TP92939",0.067,"nonoutlier"
"TP92953",0.028,"nonoutlier"
"TP92991",0.027,"nonoutlier"
"TP92992",0.018,"nonoutlier"
"TP93001",0.048,"nonoutlier"
"TP93064",0.071,"nonoutlier"
"TP93116",0.052,"nonoutlier"
"TP93240",0.075,"nonoutlier"
"TP933",0.019,"nonoutlier"
"TP93353",0.065,"nonoutlier"
"TP93364",0.017,"nonoutlier"
"TP93462",0.03,"nonoutlier"
"TP93496",0.052,"nonoutlier"
"TP93501",0.054,"nonoutlier"
"TP93530",0.121,"nonoutlier"
"TP93601",0.027,"nonoutlier"
"TP93626",0.109,"nonoutlier"
"TP93734",0.044,"nonoutlier"
"TP93752",0.027,"nonoutlier"
"TP93773",0.091,"nonoutlier"
"TP93785",0.053,"nonoutlier"
"TP9380",0.012,"nonoutlier"
"TP93817",0.03,"nonoutlier"
"TP9386",0.039,"nonoutlier"
"TP9400",0.014,"nonoutlier"
"TP94094",0.055,"nonoutlier"
"TP94168",0.144,"nonoutlier"
"TP94216",0.1,"nonoutlier"
"TP94299",0.072,"nonoutlier"
"TP94330",0.118,"nonoutlier"
"TP94446",0.072,"nonoutlier"
"TP94522",0.166,"high"
"TP94532",0.025,"nonoutlier"
"TP9470",0.012,"nonoutlier"
"TP94715",0.061,"nonoutlier"
"TP94726",0.076,"nonoutlier"
"TP94788",0.069,"nonoutlier"
"TP95130",0.032,"nonoutlier"
"TP95162",0.024,"nonoutlier"
"TP95424",0.059,"nonoutlier"
"TP95509",0.03,"nonoutlier"
"TP95570",0.066,"nonoutlier"
"TP95701",0.056,"nonoutlier"
"TP95729",0.049,"nonoutlier"
"TP95744",0.044,"nonoutlier"
"TP96015",0.066,"nonoutlier"
"TP96133",0.098,"nonoutlier"
"TP96215",0.077,"nonoutlier"
"TP96425",0.1,"nonoutlier"
"TP96497",0.073,"nonoutlier"
"TP96564",0.058,"nonoutlier"
"TP96588",0.072,"nonoutlier"
"TP96623",0.084,"nonoutlier"
"TP96719",0.082,"nonoutlier"
"TP96812",0.041,"nonoutlier"
"TP96827",0.142,"nonoutlier"
"TP96889",0.018,"nonoutlier"
"TP969",0.064,"nonoutlier"
"TP96905",0.081,"nonoutlier"
"TP96945",0.116,"nonoutlier"
"TP97002",0.026,"nonoutlier"
"TP97098",0.01,"low"
"TP9716",0.048,"nonoutlier"
"TP97264",0.071,"nonoutlier"
"TP97301",0.088,"nonoutlier"
"TP97325",0.031,"nonoutlier"
"TP97348",0.05,"nonoutlier"
"TP9735",0.031,"nonoutlier"
"TP97354",0.06,"nonoutlier"
"TP9737",0.101,"nonoutlier"
"TP97667",0.056,"nonoutlier"
"TP97702",0.091,"nonoutlier"
"TP97746",0.043,"nonoutlier"
"TP9775",0.092,"nonoutlier"
"TP97811",0.054,"nonoutlier"
"TP97877",0.081,"nonoutlier"
"TP97882",0.121,"high"
"TP97913",0.038,"nonoutlier"
"TP97933",0.04,"nonoutlier"
"TP97987",0.087,"nonoutlier"
"TP98000",0.095,"nonoutlier"
"TP98026",0.09,"nonoutlier"
"TP98058",0.205,"high"
"TP98171",0.11,"nonoutlier"
"TP98249",0.07,"nonoutlier"
"TP98259",0.001,"low"
"TP98268",0.081,"nonoutlier"
"TP98345",0.059,"nonoutlier"
"TP98392",0.032,"nonoutlier"
"TP98460",0.052,"nonoutlier"
"TP9890",0.144,"nonoutlier"
"TP98924",0.055,"nonoutlier"
"TP98974",0.062,"nonoutlier"
"TP99082",0.051,"nonoutlier"
"TP9911",0.061,"nonoutlier"
"TP99119",0.076,"nonoutlier"
"TP99279",0.164,"nonoutlier"
"TP99308",0.244,"high"
"TP99359",0.025,"nonoutlier"
"TP99370",0.049,"nonoutlier"
"TP99374",0.032,"nonoutlier"
"TP99381",0.079,"nonoutlier"
"TP9942",0.026,"nonoutlier"
"TP99424",0.055,"nonoutlier"
"TP9944",0.058,"nonoutlier"
"TP99509",0.147,"nonoutlier"
"TP99529",0.054,"nonoutlier"
"TP99554",0.04,"nonoutlier"
"TP99558",0.045,"nonoutlier"
"TP9970",0.131,"nonoutlier"
"TP99712",0.058,"nonoutlier"
"TP9973",0.044,"nonoutlier"
"TP99837",0.089,"nonoutlier"
"TP99845",0.046,"nonoutlier"
"TP99849",0.052,"nonoutlier"
"TP99855",0.068,"nonoutlier"
"TP9989",0.04,"nonoutlier"
"TP99987",0.022,"nonoutlier"
